﻿--
-- Script was generated by Devart dbForge Studio for MySQL, Version 8.0.40.0
-- Product home page: http://www.devart.com/dbforge/mysql/studio
-- Script date 02/05/2021 21:04:15
-- Server version: 
-- Client version: 4.1
--

-- 
-- Disable foreign keys
-- 
/*!40014 SET @OLD_FOREIGN_KEY_CHECKS=@@FOREIGN_KEY_CHECKS, FOREIGN_KEY_CHECKS=0 */;

-- 
-- Set SQL mode
-- 
/*!40101 SET @OLD_SQL_MODE=@@SQL_MODE, SQL_MODE='NO_AUTO_VALUE_ON_ZERO' */;

-- 
-- Set character set the client will use to send SQL statements to the server
--
SET NAMES 'utf8';

DROP DATABASE IF EXISTS ciclistasuser;

CREATE DATABASE IF NOT EXISTS ciclistasuser
CHARACTER SET utf8
COLLATE utf8_spanish_ci;

--
-- Set default database
--
USE ciclistasuser;

--
-- Create table `equipo`
--
CREATE TABLE IF NOT EXISTS equipo (
  nomequipo varchar(25) NOT NULL,
  director varchar(30) DEFAULT NULL,
  PRIMARY KEY (nomequipo)
)
ENGINE = INNODB,
AVG_ROW_LENGTH = 744,
CHARACTER SET utf8,
COLLATE utf8_spanish_ci;

--
-- Create table `ciclista`
--
CREATE TABLE IF NOT EXISTS ciclista (
  dorsal smallint(5) NOT NULL,
  nombre varchar(30) NOT NULL,
  edad smallint(5) DEFAULT NULL,
  nomequipo varchar(25) NOT NULL,
  PRIMARY KEY (dorsal)
)
ENGINE = INNODB,
AVG_ROW_LENGTH = 162,
CHARACTER SET utf8,
COLLATE utf8_spanish_ci;

--
-- Create index `ciclistanomequipo` on table `ciclista`
--
ALTER TABLE ciclista
ADD INDEX ciclistanomequipo (nomequipo);

--
-- Create foreign key
--
ALTER TABLE ciclista
ADD CONSTRAINT fk_ciclista_equipo FOREIGN KEY (nomequipo)
REFERENCES equipo (nomequipo) ON DELETE CASCADE ON UPDATE CASCADE;

--
-- Create table `etapa`
--
CREATE TABLE IF NOT EXISTS etapa (
  numetapa smallint(5) NOT NULL,
  kms smallint(5) NOT NULL,
  salida varchar(35) NOT NULL,
  llegada varchar(35) NOT NULL,
  dorsal smallint(5) DEFAULT NULL,
  PRIMARY KEY (numetapa)
)
ENGINE = INNODB,
AVG_ROW_LENGTH = 780,
CHARACTER SET utf8,
COLLATE utf8_spanish_ci;

--
-- Create foreign key
--
ALTER TABLE etapa
ADD CONSTRAINT fk_etapa_ciclista FOREIGN KEY (dorsal)
REFERENCES ciclista (dorsal) ON DELETE CASCADE ON UPDATE CASCADE;

--
-- Create table `puerto`
--
CREATE TABLE IF NOT EXISTS puerto (
  nompuerto varchar(35) NOT NULL,
  altura smallint(5) NOT NULL,
  categoria varchar(1) NOT NULL,
  pendiente double(15, 5) DEFAULT NULL,
  numetapa smallint(5) NOT NULL,
  dorsal smallint(5) DEFAULT NULL,
  PRIMARY KEY (nompuerto)
)
ENGINE = INNODB,
AVG_ROW_LENGTH = 1170,
CHARACTER SET utf8,
COLLATE utf8_spanish_ci;

--
-- Create foreign key
--
ALTER TABLE puerto
ADD CONSTRAINT fk_puerto_ciclista FOREIGN KEY (dorsal)
REFERENCES ciclista (dorsal) ON DELETE CASCADE ON UPDATE CASCADE;

--
-- Create foreign key
--
ALTER TABLE puerto
ADD CONSTRAINT fk_puerto_etapa FOREIGN KEY (numetapa)
REFERENCES etapa (numetapa) ON DELETE CASCADE ON UPDATE CASCADE;

--
-- Create table `auth_rule`
--
CREATE TABLE IF NOT EXISTS auth_rule (
  name varchar(64) NOT NULL,
  data blob DEFAULT NULL,
  created_at int(11) DEFAULT NULL,
  updated_at int(11) DEFAULT NULL,
  PRIMARY KEY (name)
)
ENGINE = INNODB,
CHARACTER SET utf8,
COLLATE utf8_unicode_ci;

--
-- Create table `auth_item`
--
CREATE TABLE IF NOT EXISTS auth_item (
  name varchar(64) NOT NULL,
  type smallint(6) NOT NULL,
  description text DEFAULT NULL,
  rule_name varchar(64) DEFAULT NULL,
  data blob DEFAULT NULL,
  created_at int(11) DEFAULT NULL,
  updated_at int(11) DEFAULT NULL,
  PRIMARY KEY (name)
)
ENGINE = INNODB,
AVG_ROW_LENGTH = 819,
CHARACTER SET utf8,
COLLATE utf8_unicode_ci;

--
-- Create index `idx-auth_item-type` on table `auth_item`
--
ALTER TABLE auth_item
ADD INDEX `idx-auth_item-type` (type);

--
-- Create foreign key
--
ALTER TABLE auth_item
ADD CONSTRAINT auth_item_ibfk_1 FOREIGN KEY (rule_name)
REFERENCES auth_rule (name) ON DELETE SET NULL ON UPDATE CASCADE;

--
-- Create table `auth_item_child`
--
CREATE TABLE IF NOT EXISTS auth_item_child (
  parent varchar(64) NOT NULL,
  child varchar(64) NOT NULL,
  PRIMARY KEY (parent, child)
)
ENGINE = INNODB,
AVG_ROW_LENGTH = 862,
CHARACTER SET utf8,
COLLATE utf8_unicode_ci;

--
-- Create foreign key
--
ALTER TABLE auth_item_child
ADD CONSTRAINT auth_item_child_ibfk_1 FOREIGN KEY (parent)
REFERENCES auth_item (name) ON DELETE CASCADE ON UPDATE CASCADE;

--
-- Create foreign key
--
ALTER TABLE auth_item_child
ADD CONSTRAINT auth_item_child_ibfk_2 FOREIGN KEY (child)
REFERENCES auth_item (name) ON DELETE CASCADE ON UPDATE CASCADE;

--
-- Create table `auth_assignment`
--
CREATE TABLE IF NOT EXISTS auth_assignment (
  item_name varchar(64) NOT NULL,
  user_id varchar(64) NOT NULL,
  created_at int(11) DEFAULT NULL,
  PRIMARY KEY (item_name, user_id)
)
ENGINE = INNODB,
AVG_ROW_LENGTH = 5461,
CHARACTER SET utf8,
COLLATE utf8_unicode_ci;

--
-- Create index `idx-auth_assignment-user_id` on table `auth_assignment`
--
ALTER TABLE auth_assignment
ADD INDEX `idx-auth_assignment-user_id` (user_id);

--
-- Create foreign key
--
ALTER TABLE auth_assignment
ADD CONSTRAINT auth_assignment_ibfk_1 FOREIGN KEY (item_name)
REFERENCES auth_item (name) ON DELETE CASCADE ON UPDATE CASCADE;

--
-- Create table `maillot`
--
CREATE TABLE IF NOT EXISTS maillot (
  código varchar(3) NOT NULL,
  tipo varchar(30) NOT NULL,
  color varchar(20) NOT NULL,
  premio int(10) NOT NULL,
  PRIMARY KEY (código)
)
ENGINE = INNODB,
AVG_ROW_LENGTH = 2730,
CHARACTER SET utf8,
COLLATE utf8_spanish_ci;

--
-- Create table `lleva`
--
CREATE TABLE IF NOT EXISTS lleva (
  dorsal smallint(5) NOT NULL,
  numetapa smallint(5) NOT NULL,
  código varchar(3) NOT NULL,
  PRIMARY KEY (numetapa, código)
)
ENGINE = INNODB,
AVG_ROW_LENGTH = 150,
CHARACTER SET utf8,
COLLATE utf8_spanish_ci;

--
-- Create foreign key
--
ALTER TABLE lleva
ADD CONSTRAINT FK_lleva_etapa_numetapa FOREIGN KEY (numetapa)
REFERENCES etapa (numetapa) ON DELETE CASCADE ON UPDATE CASCADE;

--
-- Create foreign key
--
ALTER TABLE lleva
ADD CONSTRAINT FK_lleva_maillot_código FOREIGN KEY (código)
REFERENCES maillot (código) ON DELETE CASCADE ON UPDATE CASCADE;

--
-- Create foreign key
--
ALTER TABLE lleva
ADD CONSTRAINT fk_lleva_ciclista FOREIGN KEY (dorsal)
REFERENCES ciclista (dorsal) ON DELETE CASCADE ON UPDATE CASCADE;

--
-- Create table `user`
--
CREATE TABLE IF NOT EXISTS user (
  id int(11) NOT NULL AUTO_INCREMENT,
  username varchar(55) NOT NULL,
  password varchar(255) NOT NULL,
  auth_key varchar(255) NOT NULL,
  access_token varchar(255) NOT NULL,
  PRIMARY KEY (id)
)
ENGINE = INNODB,
AUTO_INCREMENT = 57,
AVG_ROW_LENGTH = 8192,
CHARACTER SET utf8mb4,
COLLATE utf8mb4_general_ci;

--
-- Create table `migration`
--
CREATE TABLE IF NOT EXISTS migration (
  version varchar(180) NOT NULL,
  apply_time int(11) DEFAULT NULL,
  PRIMARY KEY (version)
)
ENGINE = INNODB,
AVG_ROW_LENGTH = 3276,
CHARACTER SET utf8,
COLLATE utf8_spanish_ci;

-- 
-- Dumping data for table equipo
--
INSERT INTO equipo VALUES
('Amore Vita', 'Ricardo Padacci'),
('Artiach', 'José Peréz'),
('Banesto', 'Miguel Echevarria'),
('Bresciali-Refin', 'Pietro Armani'),
('Carrera', 'Luigi Petroni'),
('Castorama', 'Jean Philip'),
('Euskadi', 'Pedro Txucaru'),
('Gatorade', 'Gian Luca Pacceli'),
('Gewiss', 'Moreno Argentin'),
('Jolly Club', 'Johan Richard'),
('Kelme', 'Álvaro Pino'),
('Lotus Festina', 'Suarez Cuevas'),
('Mapei-Clas', 'Juan Fernandez'),
('Mercatone Uno', 'Ettore Romano'),
('Motorola', 'John Fidwell'),
('Navigare', 'Lonrenzo Sciacci'),
('ONCE', 'Manuel Sainz'),
('PDM', 'Piet Van Der Kruis'),
('Seguros Amaya', 'Minguez'),
('Telecom', 'Morgan Reikcard'),
('TVM', 'Steveens Henk'),
('Wordperfect', 'Bill Gates');

-- 
-- Dumping data for table ciclista
--
INSERT INTO ciclista VALUES
(1, 'Miguel Induráin', 32, 'Banesto'),
(2, 'Pedro Delgado', 35, 'Banesto'),
(3, 'Alex Zulle', 27, 'ONCE'),
(4, 'Tony Rominger', 30, 'Mapei-Clas'),
(5, 'Gert-Jan Theunisse', 32, 'TVM'),
(6, 'Adriano Baffi', 33, 'Mercatone Uno'),
(7, 'Massimiliano Lelli', 30, 'Mercatone Uno'),
(8, 'Jean Van Poppel', 33, 'Lotus Festina'),
(9, 'Massimo Podenzana', 34, 'Navigare'),
(10, 'Mario Cipollini', 28, 'Mercatone Uno'),
(11, 'Flavio Giupponi', 31, 'Bresciali-Refin'),
(12, 'Alessio Di Basco', 31, 'Amore Vita'),
(13, 'Lale Cubino', 28, 'Seguros Amaya'),
(14, 'Roberto Pagnin', 33, 'Navigare'),
(15, 'Jesper Skibby', 31, 'TVM'),
(16, 'Dimitri Konishev', 29, 'Jolly Club'),
(17, 'Bruno Leali', 37, 'Bresciali-Refin'),
(18, 'Robert Millar', 37, 'TVM'),
(19, 'Julian Gorospe', 34, 'Banesto'),
(20, 'Alfonso Gutiérrez', 29, 'Artiach'),
(21, 'Erwin Nijboer', 31, 'Artiach'),
(22, 'Giorgio Furlan', 32, 'Gewiss'),
(23, 'Lance Armstrong', 27, 'Motorola'),
(24, 'Claudio Chiappucci', 29, 'Carrera'),
(25, 'Gianni Bugno', 32, 'Gatorade'),
(26, 'Mikel Zarrabeitia', 27, 'Banesto'),
(27, 'Laurent Jalabert', 28, 'ONCE'),
(28, 'Jesus Montoya', 33, 'Banesto'),
(29, 'Angel Edo', 28, 'Kelme'),
(30, 'Melchor Mauri', 28, 'Banesto'),
(31, 'Vicente Aparicio', 30, 'Banesto'),
(32, 'Laurent Dufaux', 28, 'ONCE'),
(33, 'Stefano della Santa', 29, 'Mapei-Clas'),
(34, 'Angel Yesid Camargo', 30, 'Kelme'),
(35, 'Erik Dekker', 28, 'Wordperfect'),
(36, 'Gian Matteo Fagnini', 32, 'Mercatone Uno'),
(37, 'Scott Sunderland', 29, 'TVM'),
(38, 'Javier Palacin', 25, 'Euskadi'),
(39, 'Rudy Verdonck', 30, 'Lotus Festina'),
(40, 'Viatceslav Ekimov', 32, 'Wordperfect'),
(41, 'Rolf Aldag', 25, 'Telecom'),
(42, 'Davide Cassani', 29, 'TVM'),
(43, 'Francesco Casagrande', 28, 'Mercatone Uno'),
(44, 'Luca Gelfi', 27, 'Gatorade'),
(45, 'Alberto Elli', 26, 'Artiach'),
(46, 'Agustin Sagasti', 24, 'Euskadi'),
(47, 'Laurent Pillon', 32, 'Gewiss'),
(48, 'Marco Saligari', 29, 'Gewiss'),
(49, 'Eugeni Berzin', 23, 'Gewiss'),
(50, 'Fernando Escartin', 27, 'Mapei-Clas'),
(51, 'Udo Bolts', 30, 'Telecom'),
(52, 'Vladislav Bobrik', 26, 'Gewiss'),
(53, 'Michele Bartoli', 28, 'Mercatone Uno'),
(54, 'Steffen Wesemann', 30, 'Telecom'),
(55, 'Nicola Minali', 28, 'Gewiss'),
(56, 'Andrew Hampsten', 29, 'Banesto'),
(57, 'Stefano Zanini', 28, 'Navigare'),
(58, 'Gerd Audehm', 34, 'Telecom'),
(59, 'Mariano Picolli', 28, 'Mercatone Uno'),
(60, 'Giovanni Lombardi', 28, 'Bresciali-Refin'),
(61, 'Walte Castignola', 26, 'Navigare'),
(62, 'Raul Alcala', 30, 'Motorola'),
(63, 'Alvaro Mejia', 32, 'Motorola'),
(64, 'Giuseppe Petito', 28, 'Mercatone Uno'),
(65, 'Pascal Lino', 29, 'Amore Vita'),
(66, 'Enrico Zaina', 24, 'Gewiss'),
(67, 'Armand de las Cuevas', 28, 'Castorama'),
(68, 'Angel Citracca', 28, 'Navigare'),
(69, 'Eddy Seigneur', 27, 'Castorama'),
(70, 'Sandro Heulot', 29, 'Banesto'),
(71, 'Prudencio Induráin', 27, 'Banesto'),
(72, 'Stefano Colage', 28, 'Bresciali-Refin'),
(73, 'Laurent Fignon', 35, 'Gatorade'),
(74, 'Claudio Chioccioli', 36, 'Amore Vita'),
(75, 'Juan Romero', 32, 'Seguros Amaya'),
(76, 'Marco Giovannetti', 34, 'Gatorade'),
(77, 'Javier Mauleon', 33, 'Mapei-Clas'),
(78, 'Antonio Esparza', 35, 'Kelme'),
(79, 'Johan Bruyneel', 33, 'ONCE'),
(80, 'Federico Echave', 37, 'Mapei-Clas'),
(81, 'Piotr Ugrumov', 33, 'Gewiss'),
(82, 'Edgar Corredor', 30, 'Kelme'),
(83, 'Hernan Buenahora', 32, 'Kelme'),
(84, 'Jon Unzaga', 31, 'Mapei-Clas'),
(85, 'Dimitri Abdoujaparov', 30, 'Carrera'),
(86, 'Juan Martinez Oliver', 32, 'Kelme'),
(87, 'Fernando Mota', 32, 'Artiach'),
(88, 'Angel Camarillo', 28, 'Mapei-Clas'),
(89, 'Stefan Roche', 36, 'Carrera'),
(90, 'Ivan Ivanov', 27, 'Artiach'),
(91, 'Nestor Mora', 28, 'Kelme'),
(92, 'Federico Garcia', 27, 'Artiach'),
(93, 'Bo Hamburger', 29, 'TVM'),
(94, 'Marino Alonso', 30, 'Banesto'),
(95, 'Manuel Guijarro', 31, 'Lotus Festina'),
(96, 'Tom Cordes', 29, 'Wordperfect'),
(97, 'Casimiro Moreda', 28, 'ONCE'),
(98, 'Eleuterio Anguita', 25, 'Artiach'),
(99, 'Per Pedersen', 29, 'Seguros Amaya'),
(100, 'William Palacios', 30, 'Jolly Club'),
(1000, 'prueba', 18, 'Amore Vita');

-- 
-- Dumping data for table auth_rule
--
-- Table ciclistasuser.auth_rule does not contain any data (it is empty)

-- 
-- Dumping data for table maillot
--
INSERT INTO maillot VALUES
('MGE', 'General', 'amarillo', 8000000),
('MMO', 'Montaña', 'blanco y rojo', 2000000),
('MMS', 'Más Sufrido', 'estrellas moradas', 2000000),
('MMV', 'Metas volantes', 'rojo', 2000000),
('MRE', 'Regularidad', 'verde', 2000000),
('MSE', 'Sprints especiales', 'rosa', 2000000);

-- 
-- Dumping data for table etapa
--
INSERT INTO etapa VALUES
(1, 9, 'Valladolid', 'Valladolid', 1),
(2, 180, 'Valladolid', 'Salamanca', 36),
(3, 240, 'Salamanca', 'Caceres', 12),
(4, 230, 'Almendralejo', 'Córdoba', 83),
(5, 170, 'Córdoba', 'Granada', 27),
(6, 150, 'Granada', 'Sierra Nevada', 52),
(7, 250, 'Baza', 'Alicante', 22),
(8, 40, 'Benidorm', 'Benidorm', 1),
(9, 150, 'Benidorm', 'Valencia', 35),
(10, 200, 'Igualada', 'Andorra', 2),
(11, 195, 'Andorra', 'Estación de Cerler', 65),
(12, 220, 'Benasque', 'Zaragoza', 12),
(13, 200, 'Zaragoza', 'Pamplona', 93),
(14, 172, 'Pamplona', 'Alto de la Cruz de la Demanda', 86),
(15, 207, 'Santo Domingo de la Calzada', 'Santander', 10),
(16, 160, 'Santander', 'Lagos de Covadonga', 5),
(17, 140, 'Cangas de Onis', 'Alto del Naranco', 4),
(18, 195, 'Ávila', 'Ávila', 8),
(19, 190, 'Ávila', 'Destilerias Dyc', 2),
(20, 52, 'Segovia', 'Destilerias Dyc', 2),
(21, 170, 'Destilerias Dyc', 'Madrid', 27);

-- 
-- Dumping data for table auth_item
--
INSERT INTO auth_item VALUES
('/*', 2, NULL, NULL, NULL, 1619891839, 1619891839),
('/ciclista/*', 2, NULL, NULL, NULL, 1619892136, 1619892136),
('/ciclista/create', 2, NULL, NULL, NULL, 1619892136, 1619892136),
('/ciclista/delete', 2, NULL, NULL, NULL, 1619892136, 1619892136),
('/ciclista/index', 2, NULL, NULL, NULL, 1619892136, 1619892136),
('/ciclista/update', 2, NULL, NULL, NULL, 1619892136, 1619892136),
('/ciclista/view', 2, NULL, NULL, NULL, 1619892136, 1619892136),
('/etapa/*', 2, NULL, NULL, NULL, 1619892141, 1619892141),
('/etapa/create', 2, NULL, NULL, NULL, 1619892141, 1619892141),
('/etapa/delete', 2, NULL, NULL, NULL, 1619892141, 1619892141),
('/etapa/index', 2, NULL, NULL, NULL, 1619892141, 1619892141),
('/etapa/update', 2, NULL, NULL, NULL, 1619892141, 1619892141),
('/etapa/view', 2, NULL, NULL, NULL, 1619892141, 1619892141),
('/site/*', 2, NULL, NULL, NULL, 1619967461, 1619967461),
('admin', 1, 'acceso a todo', NULL, NULL, 1619892515, 1619892515),
('Permiso Admin', 2, 'Acceso a todo', NULL, NULL, 1619892286, 1619892286),
('userciclista', 1, NULL, NULL, NULL, 1619892575, 1619967567),
('useretapa', 1, NULL, NULL, NULL, 1619892595, 1619967586),
('Usuario Ciclista', 2, 'Permisos para usuario ciclista', NULL, NULL, 1619892359, 1619967529),
('Usuario Etapa', 2, 'Permisos para ver etapas', NULL, NULL, 1619892381, 1619967518);

-- 
-- Dumping data for table user
--
INSERT INTO user VALUES
(15, 'admin', '$2y$13$9d4Nmd7adxJX0srHJe2cHOWSJ5F5QOMOePi3nkafvWZnqwq8KRln6', 'Qzhf6O7Lr3HM-aZlz4Tqeq3j4esZB600', 'rhxLbb-ItRzbvFMCQp9qXJVQZMH7Bi4F'),
(16, 'user', '$2y$13$Hx0w9slFgJvOWRZilElGiubDbT2mBhNPwjMSgvNq47QyKNMJIuSP2', '3r35RQbQK1_Mg6NecbmMXOyegLJV5SVC', 'NHRugU__Mv71iudG1sDOqtxqm0CmaN1K'),
(29, 'admin2', '$2y$13$gx2lxrc/mSe7EdCM3MKSpOgDzivyE96cBj8az1C5/Jp.b64.KIAP6', 'fbDoMOIlKj6SkZCrYxJKib0f1CpZmeQV', '2eVphBH1WZ7dzNqzab_L-8OBt7gKDFYn'),
(30, 'admin2', '$2y$13$KE5e6gnrbRznidib8oVa5.kpC9nzOTjurUGS1ekjfDvMU4nAnQCN6', 'HnlbPTv-12FTtRtkncQvTZ-PNUU23pcv', 'WkRAmX5gbyn2rsKdgwDL9s030Y-I-jy4'),
(31, 'admin2', '$2y$13$inboT/JnAV0LeLjN2nplw.iEEnc7beYYA2CZrXHezlP1jha3Jo/vO', 'qFMzCWNexuA9SZzRFNsgc7xp8OwAvMlr', 'DlCdIzfzXmQSggPcjCLBYGmzuLqScD8k'),
(32, 'admin2', '$2y$13$lItojteibcY8z/dWw2EUCe.flJDSbEmfeZQZ4TjeWmCc4OZpJyjky', 'RqsTuxByXTiskO1HSf9pP_fdReXDVevf', 'eDpS3R-NbSyeR9iKrVItleP9jPmUE3qk'),
(33, 'admin2', '$2y$13$BYm9BuXZiq1IfvaMID6l.eJTmSnUH77WV9yWSUePyUYds8WFPzQkK', 'uSOFn75e7sc5X27xZSBTdYyIoZW2V5v2', 'vj9zN3MLrElMCcaxJ1WgGGFQOK2P66n7'),
(34, 'admin2', '$2y$13$Vdn3XUrS5b5BrNdqhknw/egwE0LFmMtNXHKVsaeM74a/Ty2hPiO.2', 'JO3x124i6dsLMsN-_1rEXtQVhlq4PTd0', 'ZbRDlSfOvxrKuVM6QvZVwyOiGyyB9HJ-'),
(35, 'admin3', '$2y$13$N8ZUFBvW7rTQKcrBCBRQe.JjT6cNE34hBB6.og8nNwdcqoDHdMnqi', 'BzWq-SVSIkeFOTa3mUgvlo4FK8RlOJAa', 'BDr6Hez7zfuD60qw4uyvyTjHD8EdoZK0'),
(36, 'admin3', '$2y$13$g67GglbgHpXunlr3WJn3E.MUiblgqzLX/B90jXXtLF7XyKTXhIKdK', 'X5KcDXaG00sYjkPjWp-GUnRhPMokgK1m', 'gt_KDnx2VJUE4GBd6BdXzB9XFJvhTPC4'),
(37, 'usuariociclista', '$2y$13$.mfSgboyBvexLcERFpINl.1Wltx1kkB2C5mXw60hMnRyYMqTYTC32', 'dlJiiQyImAY2FwVh9ONtv_2Lc2psgPpK', 'dJe9iS6FQO_ybhtrPokJoLEZnK9j51c_'),
(38, 'usuariociclista', '$2y$13$At1hxsoSq0SX77mfozsO4.zuTztNEB15jX2Qzb4JV7NjGdDk7JOV.', 'aROnBg4E2eSmguOOM474Ws8840C_BT6T', 'rnhxNJpGrC_txPFjomAxywH-6GDhGC_M'),
(39, 'usuariociclista', '$2y$13$YAi29DlEseUiG3KWQ6MZNuEmnTdeZbdMc9PgD43m/yYF2VxKB6xrC', 'nYBFvycAoa_cK1BgDoIp8i5sACeIWHYU', 'BZVCP_hCVNa_E2RS6JHtYWj3_hej2LIS'),
(40, 'usuariociclista', '$2y$13$P8JVfr7O8yGgXvWKCXyeKuj.91/QFB6x52o8MoDwf6.i8Im.OJFca', '9ENkrDnmQhLP-ynnqjR-Iw_xv0CNqTM3', 'mXlloKO_TJ8tlAx2YbtILcSMGu7rv2U7'),
(41, 'usuariociclista', '$2y$13$9i4wD4fSYYBOmSGA3LoGgOhPY0JcviY4fsvmvhkcgAVxVidGIHc7C', '9QxO4joY1Nt9LopEm_rmmQX4hlpm-d1P', 'wAx0teG07_BTNkAYAUod1j65tuPtB_Ct'),
(42, 'usuariociclista', '$2y$13$6nG.c2MdZy6BlGTi1tWs9ONcFk4mn5r1QgjK0FWdTjSKgxzffZd/O', 'KvJvMCAoTU7nR06idSljPHMmSmA6KsNC', 'UqMWOvv6sEVC-D1VDU2Y3tT1Oygj-d8_'),
(43, 'usuariociclista', '$2y$13$8KT9BWX52Qz5GwgX8a.XIOzXz9tY1QjHEiIST1ghvzFcANB9IhXmO', 'Fw9IVJkwRTBZ6vRSouMcEAgbg7kxs43-', 'fEMC9onFEMsMD_WnpznY-TKxjHEJELZk'),
(44, 'usuariociclista', '$2y$13$GVrHlZfKP5xpxueeXkAQAuMqJTvVFIdfCvLy8jFKluLCyw.yFyxyu', 'pujf99bGVEaHb05KEZ54HpBcLW1f9pKo', 'FoTpGF6r-Sc1P3kN7EuHnWrTvaHk7wNY'),
(45, 'usuariociclista', '$2y$13$IQQuTojQ8adp6KMbd4F4rucTBz48W6xutKSO244zxYJfakpqcmUT2', '77S1jdyU1cQFaxQSQHe3XBZ6FdHVw1YE', 'GKs_tMevPDKVPSc16YLxjpRtBbz1-2dU'),
(46, 'usuariociclista', '$2y$13$ZsgF7KkiIwpuHbsQkDvrQ.1aDJtma5qJTMuVSkBcDUNFuL4CZf4Ky', 'o8M0pL8IDLydhx_ewER3JFkwzcodvCf6', '-WqnUTpU1l4SAgAfhnMcO43tik2dfd6E'),
(47, 'usuariociclista', '$2y$13$EENwOHyFsJizbyuguxEdbOcREbXdiuaQ5dzrA0wm6fvaDuKB9u.v6', '02DTJJHeKJbJGGO54pTFt7U-Jy-kvB7R', 'SBf2jkiXLYiMsl11wdmoNMqEt-aCViOo'),
(48, 'usuariociclista', '$2y$13$kY431fS1RY4VICsd1MgxTO//4LM3if4OecAJQkEGdQrt8itk2UuKW', 'FMwiHOwTpXQHkxCrnF5KaEXJ4odvW-uI', 'yKJ9bgS66fPlED_0kG9PNlhAvWv36Ieg'),
(49, 'usuariociclista2', '$2y$13$oSkv0uv6gx/L5hMG1Z/fe.xTBL80B4KKg1G4.2QOT6n/1ZrsDyg8i', 'Njh8MmF4Ugbj45-x1c2XZ1YJhD763LzU', 'Pe8Ug4sOCZekUPA1voBPznXNon5qsDwY'),
(50, 'usuariociclista3', '$2y$13$dH.bX0rhvOnCjcwUmsJQceHpPyRrLL7mPNMqGBq7n2pxPVn3GYOjW', 'HlLQ9q0wnm4aZWWqjF7U_2IpAlp5s6vH', 'NynEqAVNtWnjNKz5GiTOAyDZd0kZwyOQ'),
(51, 'usuariociclista3', '$2y$13$Z5.8OU.KOpd5.rm9S16EceJL6pCXRuZ0ieW0VpGfMMNyE5Jzc7kK2', 'K8YHORB1i4GukGTRWMxQWajdct3tDi1m', 'dEAk7MNZ1DemUgTA3RHu8vMmb8YlipRj'),
(52, 'usuariociclista3', '$2y$13$qRH3b3z1l/My6I8nq68wDuD3ebyv./fPlTeyrvGkEzuavp53kHRfC', 'gVTn09sFfMPubrDL8Jul9TpT5XQyB0NF', 'Joh1aS59z6XaAH06P1o4r74NCy6qOrgA'),
(53, 'usuariociclista3', '$2y$13$JmD.2fVbulqNCJzoozFgquF70oAcOVFixzaqwJ/zaLGLnw5lgmHdO', 'Vv67Blbcb16gDOz1oleQOxaVrAr73CoT', 'S4f3nJF1DJqP3P7dUK0CrLDll6Rgolab'),
(54, 'usuariociclista4', '$2y$13$j1WZ67JY8SPGHJxVHZwhPu5wFYB499XqbrLDg4/m41UTP9T96sRpO', 'xeZEJm8kD1icMZf0moNxxB5M-0eEgKLF', 'bzOXgbwqcDqLgs5jZOdLT77JcAK_xCch'),
(55, 'usuariociclista4', '$2y$13$ZkWKiA4j2/bqCpP8fmbtAuJ.GB83pyA1HNFkJ6yJVsskI2fR./ftC', 'pGBNLOZeSioXeWoSg7_jU9NnXFqqrXd7', 'VWjARYrdNilH1ej3oCMlNgaf4xxbvej5'),
(56, 'usuariociclista5', '$2y$13$wJbEpitZX0kYfkTwm0XNT.JO1EHlkt.9YKE2Ft8CzxSadzR9nhRJm', 'BqYH98rdglofB54qzLiuYqIYlCOzcMUO', 'hYPIWuouheDnayatI9ztE4UycbZwHcJO');

-- 
-- Dumping data for table puerto
--
INSERT INTO puerto VALUES
('Alto del Naranco', 565, '1', 6.90000, 10, 30),
('Arcalis', 2230, 'E', 6.50000, 10, 4),
('Cerler-Circo de Ampriu', 2500, 'E', 5.87000, 11, 9),
('Coll de la Comella', 1362, '1', 8.07000, 10, 2),
('Coll de Ordino', 1980, 'E', 5.30000, 10, 7),
('Cruz de la Demanda', 1850, 'E', 7.00000, 11, 20),
('Lagos de Covadonga', 1134, 'E', 6.86000, 16, 42),
('Navacerrada', 1860, '1', 7.50000, 19, 2),
('Puerto de Alisas', 672, '1', 5.80000, 15, 1),
('Puerto de la Morcuera', 1760, '2', 6.50000, 19, 2),
('Puerto de Mijares', 1525, '1', 4.90000, 18, 24),
('Puerto de Navalmoral', 1521, '2', 4.30000, 18, 2),
('Puerto de Pedro Bernardo', 1250, '1', 4.20000, 18, 25),
('Sierra Nevada', 2500, 'E', 6.00000, 2, 26);

-- 
-- Dumping data for table migration
--
INSERT INTO migration VALUES
('m000000_000000_base', 1619890553),
('m140506_102106_rbac_init', 1619890563),
('m170907_052038_rbac_add_index_on_auth_assignment_user_id', 1619890563),
('m180523_151638_rbac_updates_indexes_without_prefix', 1619890563),
('m200409_110543_rbac_update_mssql_trigger', 1619890563);

-- 
-- Dumping data for table lleva
--
INSERT INTO lleva VALUES
(1, 1, 'MGE'),
(1, 1, 'MMO'),
(1, 1, 'MMV'),
(1, 1, 'MRE'),
(1, 1, 'MSE'),
(1, 2, 'MGE'),
(1, 3, 'MGE'),
(1, 4, 'MGE'),
(1, 16, 'MGE'),
(1, 17, 'MGE'),
(1, 18, 'MGE'),
(1, 19, 'MGE'),
(1, 20, 'MGE'),
(1, 21, 'MGE'),
(2, 5, 'MGE'),
(2, 6, 'MGE'),
(2, 7, 'MGE'),
(2, 21, 'MMO'),
(3, 11, 'MGE'),
(3, 12, 'MGE'),
(4, 8, 'MGE'),
(8, 2, 'MSE'),
(8, 4, 'MSE'),
(10, 18, 'MSE'),
(12, 3, 'MSE'),
(12, 5, 'MSE'),
(12, 6, 'MSE'),
(16, 2, 'MMV'),
(16, 3, 'MMV'),
(16, 5, 'MMV'),
(16, 6, 'MMV'),
(17, 4, 'MMV'),
(20, 6, 'MRE'),
(20, 7, 'MRE'),
(20, 8, 'MRE'),
(20, 9, 'MRE'),
(20, 10, 'MRE'),
(20, 11, 'MRE'),
(20, 12, 'MRE'),
(20, 13, 'MRE'),
(20, 14, 'MRE'),
(20, 15, 'MRE'),
(20, 16, 'MRE'),
(20, 17, 'MRE'),
(20, 18, 'MMV'),
(20, 19, 'MRE'),
(20, 20, 'MRE'),
(20, 21, 'MRE'),
(22, 14, 'MSE'),
(22, 15, 'MSE'),
(22, 16, 'MSE'),
(22, 17, 'MSE'),
(22, 19, 'MSE'),
(22, 20, 'MSE'),
(22, 21, 'MSE'),
(24, 4, 'MMO'),
(25, 2, 'MMO'),
(25, 3, 'MMO'),
(25, 5, 'MMO'),
(26, 6, 'MMO'),
(26, 7, 'MMO'),
(26, 8, 'MMO'),
(26, 9, 'MGE'),
(26, 9, 'MMO'),
(26, 10, 'MGE'),
(26, 18, 'MMO'),
(27, 2, 'MRE'),
(27, 3, 'MRE'),
(27, 4, 'MRE'),
(27, 5, 'MRE'),
(27, 18, 'MRE'),
(28, 14, 'MMO'),
(28, 15, 'MMO'),
(28, 16, 'MMO'),
(28, 17, 'MMO'),
(28, 19, 'MMO'),
(28, 20, 'MMO'),
(30, 10, 'MMO'),
(30, 11, 'MMO'),
(30, 12, 'MMO'),
(30, 13, 'MGE'),
(30, 13, 'MMO'),
(30, 14, 'MGE'),
(30, 15, 'MGE'),
(33, 7, 'MMV'),
(33, 8, 'MMV'),
(42, 14, 'MMV'),
(42, 15, 'MMV'),
(42, 16, 'MMV'),
(42, 17, 'MMV'),
(42, 19, 'MMV'),
(42, 20, 'MMV'),
(42, 21, 'MMV'),
(48, 9, 'MMV'),
(48, 10, 'MMV'),
(48, 11, 'MMV'),
(48, 12, 'MMV'),
(48, 13, 'MMV'),
(67, 1, 'MMS'),
(67, 3, 'MMS'),
(69, 2, 'MMS'),
(69, 4, 'MMS'),
(99, 7, 'MSE'),
(99, 8, 'MSE'),
(99, 9, 'MSE'),
(99, 10, 'MSE'),
(99, 11, 'MSE'),
(99, 12, 'MSE'),
(99, 13, 'MSE');

-- 
-- Dumping data for table auth_item_child
--
INSERT INTO auth_item_child VALUES
('admin', 'Permiso Admin'),
('Permiso Admin', '/*'),
('Permiso Admin', '/site/*'),
('userciclista', 'Usuario Ciclista'),
('useretapa', 'Usuario Etapa'),
('Usuario Ciclista', '/ciclista/*'),
('Usuario Ciclista', '/ciclista/create'),
('Usuario Ciclista', '/ciclista/delete'),
('Usuario Ciclista', '/ciclista/index'),
('Usuario Ciclista', '/ciclista/update'),
('Usuario Ciclista', '/ciclista/view'),
('Usuario Ciclista', '/site/*'),
('Usuario Etapa', '/etapa/*'),
('Usuario Etapa', '/etapa/create'),
('Usuario Etapa', '/etapa/delete'),
('Usuario Etapa', '/etapa/index'),
('Usuario Etapa', '/etapa/update'),
('Usuario Etapa', '/etapa/view'),
('Usuario Etapa', '/site/*');

-- 
-- Dumping data for table auth_assignment
--
INSERT INTO auth_assignment VALUES
('admin', '15', 1619892669),
('userciclista', '17', 1619892676),
('useretapa', '18', 1619892681);

-- 
-- Restore previous SQL mode
-- 
/*!40101 SET SQL_MODE=@OLD_SQL_MODE */;

-- 
-- Enable foreign keys
-- 
/*!40014 SET FOREIGN_KEY_CHECKS = @OLD_FOREIGN_KEY_CHECKS */;